City_ID,City,Country,Date,Lat,Lng,Max Temp,Humidity,Cloudiness,Wind Speed
0,Pevek,RU,2021-10-24 18:23:49,69.7008,170.3133,7.18,94,100,2.13
1,Mataura,NZ,2021-10-24 18:32:04,-46.1927,168.8643,53.35,90,99,0.78
2,East London,ZA,2021-10-24 18:35:24,-33.0153,27.9116,59.94,77,40,4.61
3,Saint-Philippe,RE,2021-10-24 18:32:57,-21.3585,55.7679,76.59,84,39,12.95
4,Torbay,CA,2021-10-24 18:25:38,47.6666,-52.7314,60.49,94,90,20.71
5,Albany,US,2021-10-24 18:32:22,42.6001,-73.9662,58.8,60,73,1.99
6,Birobidzhan,RU,2021-10-24 18:35:25,48.8,132.95,39.06,69,6,3.22
7,Yellowknife,CA,2021-10-24 18:35:25,62.456,-114.3525,41.56,84,90,21.85
8,Palmer,US,2021-10-24 18:27:31,42.1584,-72.3287,60.58,45,20,1.99
9,Havoysund,NO,2021-10-24 18:26:21,70.9963,24.6622,27.48,84,96,13.85
10,Bontang,ID,2021-10-24 18:35:26,0.1333,117.5,76.55,90,94,5.01
11,Meulaboh,ID,2021-10-24 18:32:06,4.1363,96.1285,75.42,89,100,4.34
12,Nikolskoye,RU,2021-10-24 18:35:27,59.7035,30.7861,33.87,82,92,4.0
13,Bluff,NZ,2021-10-24 18:32:34,-46.6,168.3333,52.61,94,100,4.74
14,Guerrero Negro,MX,2021-10-24 18:35:27,27.9769,-114.0611,71.02,56,0,14.07
15,Nilakkottai,IN,2021-10-24 18:35:29,10.1648,77.8529,76.08,86,100,1.99
16,El Vigia,VE,2021-10-24 18:35:29,8.6219,-71.6506,87.42,68,65,3.76
17,Bredasdorp,ZA,2021-10-24 18:35:30,-34.5322,20.0403,55.27,71,0,3.44
18,Punta Arenas,CL,2021-10-24 18:31:01,-53.15,-70.9167,46.51,61,75,31.07
19,Moose Factory,CA,2021-10-24 18:35:30,51.2585,-80.6094,41.0,87,90,0.0
20,Dikson,RU,2021-10-24 18:25:40,73.5069,80.5464,7.27,86,100,19.04
21,Ushuaia,AR,2021-10-24 18:35:31,-54.8,-68.3,37.06,93,75,31.07
22,La Ronge,CA,2021-10-24 18:32:08,55.1001,-105.2842,37.65,81,90,16.11
23,Tsagan Aman,RU,2021-10-24 18:35:32,47.5639,46.7218,51.48,46,100,9.26
24,Machali,CL,2021-10-24 18:30:53,-34.1833,-70.6667,74.48,19,0,13.8
25,Fortuna,US,2021-10-24 18:31:20,40.5982,-124.1573,56.93,68,100,1.01
26,Vestmannaeyjar,IS,2021-10-24 18:26:21,63.4427,-20.2734,47.39,93,20,11.5
27,Hermanus,ZA,2021-10-24 18:35:33,-34.4187,19.2345,59.9,66,0,11.39
28,Hilo,US,2021-10-24 18:35:33,19.7297,-155.09,78.28,92,94,1.01
29,Hobart,AU,2021-10-24 18:35:33,-42.8794,147.3294,48.06,78,90,3.0
30,Port Elizabeth,ZA,2021-10-24 18:35:34,-33.918,25.5701,57.09,88,20,3.44
31,Kerrville,US,2021-10-24 18:35:34,30.0474,-99.1403,82.26,83,75,12.66
32,Paracuru,BR,2021-10-24 18:35:35,-3.41,-39.0306,87.82,59,5,14.63
33,Lorengau,PG,2021-10-24 18:35:35,-2.0226,147.2712,80.56,79,54,7.76
34,Aykhal,RU,2021-10-24 18:24:25,66.0,111.5,21.72,97,100,5.5
35,Anadyr,RU,2021-10-24 18:35:36,64.75,177.4833,3.7,85,75,6.71
36,Gambela,ET,2021-10-24 18:35:36,8.25,34.5833,79.57,55,66,3.13
37,Rikitea,PF,2021-10-24 18:35:36,-23.1203,-134.9692,74.73,71,59,16.96
38,Kasumkent,RU,2021-10-24 18:35:37,41.6773,48.146,52.0,80,7,2.26
39,Hithadhoo,MV,2021-10-24 18:33:40,-0.6,73.0833,82.0,75,27,13.42
40,Camacha,PT,2021-10-24 18:34:53,33.0833,-16.3333,67.42,64,40,11.5
41,Parainen,FI,2021-10-24 18:35:37,60.3067,22.301,48.15,90,100,19.48
42,Jiangyou,CN,2021-10-24 18:35:38,31.7667,104.7167,59.02,84,100,1.21
43,Aktash,RU,2021-10-24 18:35:39,50.3,87.7333,18.9,85,37,3.4
44,Lienz,AT,2021-10-24 18:35:39,46.8289,12.769,44.19,81,0,2.28
45,Margate,GB,2021-10-24 18:27:23,51.3813,1.3862,57.31,76,61,3.0
46,Sitka,US,2021-10-24 18:26:10,57.0531,-135.33,46.29,71,40,8.05
47,Noumea,NC,2021-10-24 18:34:52,-22.2763,166.4572,73.99,99,5,8.19
48,Barrow,US,2021-10-24 18:35:40,71.2906,-156.7887,28.42,74,90,6.91
49,Tuktoyaktuk,CA,2021-10-24 18:35:40,69.4541,-133.0374,21.51,94,26,2.51
50,Atuona,PF,2021-10-24 18:35:41,-9.8,-139.0333,77.92,70,15,17.67
51,Port Alfred,ZA,2021-10-24 18:35:41,-33.5906,26.891,61.68,69,59,11.63
52,Kerewan,GM,2021-10-24 18:35:42,13.4898,-16.0888,86.11,72,100,5.1
53,Carnarvon,AU,2021-10-24 18:35:42,-24.8667,113.6333,69.87,73,90,14.97
54,Cape Town,ZA,2021-10-24 18:30:47,-33.9258,18.4232,61.27,67,20,4.0
55,Goundam,ML,2021-10-24 18:33:53,16.4145,-3.6708,96.37,21,64,4.52
56,Saint George,US,2021-10-24 18:26:01,37.1041,-113.5841,67.78,39,1,1.01
57,Itzehoe,DE,2021-10-24 18:35:43,53.921,9.5153,46.94,79,4,1.99
58,Ust-Barguzin,RU,2021-10-24 18:35:43,53.45,108.9833,35.62,92,72,4.16
59,Hamilton,US,2021-10-24 18:34:55,39.1834,-84.5333,63.99,96,90,1.01
60,Bandarbeyla,SO,2021-10-24 18:32:54,9.4942,50.8122,79.16,74,97,7.96
61,Xining,CN,2021-10-24 18:35:44,36.6167,101.7667,41.52,73,87,1.39
62,Port Keats,AU,2021-10-24 18:35:44,-14.25,129.55,81.25,77,46,5.37
63,Broken Hill,AU,2021-10-24 18:27:26,-31.95,141.4333,49.71,43,0,8.05
64,Tasiilaq,GL,2021-10-24 18:33:14,65.6145,-37.6368,32.16,95,100,22.55
65,Yumen,CN,2021-10-24 18:25:53,40.2833,97.2,43.75,39,95,15.43
66,Vaini,TO,2021-10-24 18:32:28,-21.2,-175.2,69.96,83,20,5.75
67,Jamestown,US,2021-10-24 18:35:45,42.097,-79.2353,54.99,76,90,5.01
68,Sinazongwe,ZM,2021-10-24 18:35:46,-17.2614,27.4618,84.97,42,9,2.17
69,Geraldton,AU,2021-10-24 18:35:46,-28.7667,114.6,65.12,77,90,5.75
70,Lompoc,US,2021-10-24 18:26:14,34.6391,-120.4579,70.7,68,90,6.91
71,Busselton,AU,2021-10-24 18:35:47,-33.65,115.3333,57.04,86,100,11.34
72,Mabama,TZ,2021-10-24 18:35:47,-5.1333,32.5333,79.57,38,83,3.94
73,Qaanaaq,GL,2021-10-24 18:35:48,77.484,-69.3632,-3.08,60,0,10.63
74,Port Lincoln,AU,2021-10-24 18:35:48,-34.7333,135.8667,52.09,73,0,12.44
75,Upernavik,GL,2021-10-24 18:35:48,72.7868,-56.1549,16.25,68,77,8.81
76,Vila Franca Do Campo,PT,2021-10-24 18:35:49,37.7167,-25.4333,68.41,72,7,6.71
77,Cayenne,GF,2021-10-24 18:35:49,4.9333,-52.3333,86.04,84,75,5.01
78,Tual,ID,2021-10-24 18:23:57,-5.6667,132.75,82.04,76,100,5.23
79,Vardo,NO,2021-10-24 18:35:50,70.3705,31.1107,35.58,75,40,14.97
80,Portland,US,2021-10-24 18:24:38,45.5234,-122.6762,57.78,91,75,1.99
81,Acarau,BR,2021-10-24 18:35:50,-2.8856,-40.12,85.08,61,27,17.36
82,Olafsvik,IS,2021-10-24 18:22:15,64.8945,-23.7142,42.28,87,99,14.94
83,Coolum Beach,AU,2021-10-24 18:35:51,-26.5333,153.1,73.11,90,61,1.01
84,Quang Ngai,VN,2021-10-24 18:26:48,15.1167,108.8,74.59,94,96,6.46
85,Lebu,CL,2021-10-24 18:31:01,-37.6167,-73.65,57.85,77,3,10.51
86,Hofn,IS,2021-10-24 18:35:52,64.2539,-15.2082,42.89,86,100,16.24
87,Nhulunbuy,AU,2021-10-24 18:35:52,-12.2333,136.7667,75.81,78,100,0.0
88,Cabo San Lucas,MX,2021-10-24 18:25:06,22.8909,-109.9124,88.61,69,20,11.5
89,Rabo De Peixe,PT,2021-10-24 18:35:53,37.8,-25.5833,67.51,68,20,10.36
90,Asau,RO,2021-10-24 18:27:18,46.4333,26.4,39.4,69,50,2.53
91,Puerto Ayora,EC,2021-10-24 18:35:53,-0.7393,-90.3518,78.76,82,99,10.31
92,Kapaa,US,2021-10-24 18:32:28,22.0752,-159.319,78.48,78,40,1.01
93,Faanui,PF,2021-10-24 18:35:54,-16.4833,-151.75,76.14,89,100,11.97
94,Wanning,CN,2021-10-24 18:35:54,18.8003,110.3967,70.39,84,96,9.31
95,Svetlogorsk,BY,2021-10-24 18:27:42,52.6333,29.7333,35.24,68,95,5.99
96,New Norfolk,AU,2021-10-24 18:35:55,-42.7826,147.0587,47.7,69,99,1.99
97,Labuhan,ID,2021-10-24 18:35:55,-6.8844,112.2051,79.39,80,100,6.13
98,Tura,IN,2021-10-24 18:35:56,25.5198,90.2201,67.03,96,1,2.46
99,Klaksvik,FO,2021-10-24 18:31:51,62.2266,-6.589,50.92,89,99,23.82
100,Mahebourg,MU,2021-10-24 18:35:56,-20.4081,57.7,75.25,78,20,12.66
101,Norman Wells,CA,2021-10-24 18:35:57,65.282,-126.8329,21.24,93,90,3.44
102,Flinders,AU,2021-10-24 18:35:57,-34.5833,150.8552,57.79,88,1,3.96
103,Bosaso,SO,2021-10-24 18:35:58,11.2842,49.1816,80.38,64,6,2.66
104,Saskylakh,RU,2021-10-24 18:35:58,71.9167,114.0833,-14.94,100,67,4.59
105,Filingue,NE,2021-10-24 18:35:59,14.3521,3.3168,94.15,20,100,3.04
106,Lazaro Cardenas,MX,2021-10-24 18:35:59,17.9583,-102.2,79.05,85,100,3.56
107,Puerto Lempira,HN,2021-10-24 18:35:59,15.2667,-83.7667,86.14,74,75,9.22
108,Bethel,US,2021-10-24 18:36:00,41.3712,-73.414,59.47,64,90,5.75
109,Touros,BR,2021-10-24 18:33:27,-5.1989,-35.4608,86.9,63,7,14.79
110,Loandjili,CG,2021-10-24 18:36:00,-4.7561,11.8578,80.71,83,75,9.22
111,Luderitz,NA,2021-10-24 18:36:01,-26.6481,15.1594,62.67,57,0,16.53
112,Conde,BR,2021-10-24 18:26:18,-7.2597,-34.9075,85.46,54,40,12.66
113,Saryozek,KZ,2021-10-24 18:36:02,44.3583,77.9753,41.77,35,0,4.74
114,Itupiranga,BR,2021-10-24 18:36:02,-5.1347,-49.3267,95.32,62,81,2.68
115,Lebedinyy,RU,2021-10-24 18:36:03,58.5167,125.5167,26.64,77,100,11.52
116,Mahon,ES,2021-10-24 18:36:03,39.8885,4.2658,63.16,94,20,5.75
117,Bastrop,US,2021-10-24 18:35:59,32.7562,-91.8724,82.08,74,85,4.0
118,Bengkulu,ID,2021-10-24 18:36:04,-3.8004,102.2655,75.42,89,100,5.64
119,Itarema,BR,2021-10-24 18:36:04,-2.9248,-39.9167,85.08,59,1,17.2
120,Necochea,AR,2021-10-24 18:36:05,-38.5473,-58.7368,71.04,44,3,11.21
121,Arraial Do Cabo,BR,2021-10-24 18:36:05,-22.9661,-42.0278,73.36,83,75,4.61
122,Agirish,RU,2021-10-24 18:36:06,61.9247,63.0231,30.61,72,100,2.21
123,Cockburn Town,TC,2021-10-24 18:36:06,21.4612,-71.1419,85.96,66,40,10.36
124,Hokitika,NZ,2021-10-24 18:27:15,-42.7167,170.9667,56.7,92,100,4.5
125,Atkinson,US,2021-10-24 18:36:07,42.8384,-71.147,59.67,43,1,1.01
126,Lahat,ID,2021-10-24 18:36:07,-3.8,103.5333,73.02,94,82,1.68
127,Tiksi,RU,2021-10-24 18:36:08,71.6872,128.8694,2.21,99,100,6.87
128,Leningradskiy,RU,2021-10-24 18:36:09,69.3833,178.4167,8.82,95,100,7.07
129,San Policarpo,PH,2021-10-24 18:25:16,12.1791,125.5072,78.21,86,100,3.49
130,Kavieng,PG,2021-10-24 18:24:19,-2.5744,150.7967,81.7,77,58,10.85
131,Lisala,CD,2021-10-24 18:36:09,2.15,21.5167,71.42,99,100,2.48
132,Tautira,PF,2021-10-24 18:36:10,-17.7333,-149.15,73.42,91,100,17.87
133,Bathsheba,BB,2021-10-24 18:36:10,13.2167,-59.5167,86.61,66,75,23.02
134,Kaeo,NZ,2021-10-24 18:36:11,-35.1,173.7833,57.33,97,18,3.62
135,Pisco,PE,2021-10-24 18:36:11,-13.7,-76.2167,69.85,64,0,9.22
136,Balaguer,ES,2021-10-24 18:36:11,41.7912,0.8109,60.4,66,0,2.21
137,Bay-Khaak,RU,2021-10-24 18:36:12,51.1667,94.5,34.3,65,93,2.04
138,Ponta Delgada,PT,2021-10-24 18:36:12,37.7333,-25.6667,68.72,68,20,10.36
139,Santa Isabel Do Rio Negro,BR,2021-10-24 18:32:43,-0.4139,-65.0192,88.11,65,100,0.96
140,Longyearbyen,SJ,2021-10-24 18:26:14,78.2186,15.6401,21.04,79,75,4.61
141,Praia,CV,2021-10-24 18:36:13,14.9215,-23.5087,81.14,65,20,23.02
142,Rojhan,PK,2021-10-24 18:36:13,28.6868,69.9534,73.87,45,0,13.4
143,Haines Junction,CA,2021-10-24 18:36:14,60.7522,-137.5108,19.35,93,19,0.0
144,Rio De Janeiro,BR,2021-10-24 18:35:23,-22.9028,-43.2075,84.15,76,40,5.75
145,Meadow Lake,US,2021-10-24 18:36:14,34.8014,-106.5436,72.61,25,10,13.8
146,Huron,US,2021-10-24 18:36:15,41.1501,-82.5499,55.69,92,100,4.34
147,Libertador General San Martin,AR,2021-10-24 18:36:15,-23.8064,-64.7876,88.97,21,1,9.28
148,Makurdi,NG,2021-10-24 18:36:16,7.7411,8.5121,79.27,75,99,3.49
149,Katsuura,JP,2021-10-24 18:35:14,35.1333,140.3,53.71,58,80,8.05
150,Bonavista,CA,2021-10-24 18:25:36,48.6499,-53.1147,57.2,97,98,18.84
151,Ingham,US,2021-10-24 18:36:17,42.6,-84.3833,50.25,85,90,3.44
152,Am Timan,TD,2021-10-24 18:36:17,11.0297,20.2827,84.13,48,100,3.22
153,Kirakira,SB,2021-10-24 18:27:18,-10.4544,161.9205,80.06,81,36,6.73
154,Cherskiy,RU,2021-10-24 18:36:18,68.75,161.3,-13.88,99,25,4.9
155,Kodino,RU,2021-10-24 18:36:18,63.7198,39.6447,23.4,95,51,7.34
156,Bambous Virieux,MU,2021-10-24 18:36:19,-20.3428,57.7575,75.22,78,20,12.66
157,Namibe,AO,2021-10-24 18:26:22,-15.1961,12.1522,65.98,80,2,9.44
158,Kaitangata,NZ,2021-10-24 18:34:20,-46.2817,169.8464,52.25,92,98,1.05
159,Oistins,BB,2021-10-24 18:36:20,13.0667,-59.5333,86.09,66,75,23.02
160,Rundu,NA,2021-10-24 18:36:20,-17.9333,19.7667,78.8,45,33,10.6
161,Mehamn,NO,2021-10-24 18:36:20,71.0357,27.8492,31.91,86,20,9.22
162,Gigmoto,PH,2021-10-24 18:36:21,13.7796,124.39,79.23,88,82,5.08
163,Pangnirtung,CA,2021-10-24 18:26:37,66.1451,-65.7125,30.2,80,75,6.91
164,Kailua,US,2021-10-24 18:36:21,21.4022,-157.7394,78.78,58,17,19.53
165,Svetlyy,RU,2021-10-24 18:32:36,54.675,20.1347,41.05,80,91,10.56
166,Ambilobe,MG,2021-10-24 18:26:48,-13.2,49.05,79.05,72,60,9.04
167,Pontes E Lacerda,BR,2021-10-24 18:36:22,-15.2261,-59.3353,79.39,69,81,8.52
168,Avarua,CK,2021-10-24 18:36:22,-21.2078,-159.775,73.45,64,100,10.36
169,Filotion,GR,2021-10-24 18:36:23,37.05,25.5,63.55,81,100,5.01
170,Baturaja,ID,2021-10-24 18:36:23,-4.1333,104.1667,73.98,97,90,1.25
171,Kahului,US,2021-10-24 18:36:24,20.8947,-156.47,78.84,88,40,8.05
172,Zhitnevo,RU,2021-10-24 18:36:24,55.3423,37.9146,34.34,69,20,11.18
173,Zaraza,VE,2021-10-24 18:36:25,9.3503,-65.3245,95.32,35,100,6.24
174,Tres Arroyos,AR,2021-10-24 18:31:44,-38.3739,-60.2798,73.44,23,0,19.19
175,Watsa,CD,2021-10-24 18:36:25,3.0372,29.5355,65.16,97,48,2.04
176,Chapada Dos Guimaraes,BR,2021-10-24 18:36:26,-15.4606,-55.7497,62.26,92,100,0.78
177,Ponta Do Sol,PT,2021-10-24 18:36:26,32.6667,-17.1,71.13,59,71,6.08
178,Vernon,CA,2021-10-24 18:36:26,50.2581,-119.2691,56.3,59,100,13.8
179,Chokurdakh,RU,2021-10-24 18:36:27,70.6333,147.9167,-6.21,99,100,2.89
180,Ilulissat,GL,2021-10-24 18:26:32,69.2167,-51.1,21.22,58,94,17.27
181,Znamenskoye,RU,2021-10-24 18:36:27,57.1281,73.8282,43.38,93,100,8.84
182,Ekhabi,RU,2021-10-24 18:36:28,53.5102,142.9671,31.32,93,22,10.71
183,Newport,GB,2021-10-24 18:36:28,51.5877,-2.9984,57.81,88,8,10.71
184,General Roca,AR,2021-10-24 18:36:29,-39.0333,-67.5833,81.0,22,100,39.08
185,Cabo Rojo,PR,2021-10-24 18:36:29,18.0866,-67.1457,89.19,68,73,1.99
186,Manassas Park,US,2021-10-24 18:36:30,38.784,-77.4697,72.61,60,1,1.01
187,Sao Jose Da Coroa Grande,BR,2021-10-24 18:36:30,-8.8978,-35.1478,81.54,67,84,11.1
188,Ahipara,NZ,2021-10-24 18:36:30,-35.1667,173.1667,58.71,92,17,1.63
189,Ribeira Grande,PT,2021-10-24 18:36:19,38.5167,-28.7,70.2,60,20,3.44
190,Kologriv,RU,2021-10-24 18:36:31,58.8275,44.3178,31.24,90,100,11.03
191,King City,US,2021-10-24 18:36:31,36.2127,-121.126,68.76,79,100,16.4
192,Mukhen,RU,2021-10-24 18:36:32,48.1,136.1,37.04,76,0,6.29
193,Atlacomulco,MX,2021-10-24 18:36:32,19.7989,-99.8744,66.31,59,100,2.71
194,Constitucion,CL,2021-10-24 18:36:33,-35.3333,-72.4167,64.0,61,7,18.86
195,Sassandra,CI,2021-10-24 18:36:33,4.95,-6.0833,76.8,88,100,4.7
196,Storslett,NO,2021-10-24 18:36:34,69.7678,21.0247,28.4,69,0,6.91
197,Carnoustie,GB,2021-10-24 18:36:34,56.5014,-2.7091,55.45,82,53,16.02
198,Codrington,AU,2021-10-24 18:36:35,-38.2667,141.9667,49.82,64,100,9.66
199,Hrodna,BY,2021-10-24 18:36:35,53.6884,23.8258,39.02,74,100,5.21
200,Hasaki,JP,2021-10-24 18:36:35,35.7333,140.8333,48.6,51,36,5.88
201,Muisne,EC,2021-10-24 18:36:36,0.6,-80.0333,84.31,80,96,10.96
202,Thompson,CA,2021-10-24 18:34:21,55.7435,-97.8558,32.16,80,75,2.3
203,Port-Cartier,CA,2021-10-24 18:36:36,50.0334,-66.8654,50.22,77,100,12.66
204,Rudnyy,KZ,2021-10-24 18:36:37,52.9594,63.1206,52.09,53,100,8.99
205,Kangaba,ML,2021-10-24 18:36:37,11.9333,-8.4167,82.78,57,73,4.94
206,Rio Gallegos,AR,2021-10-24 18:27:21,-51.6226,-69.2181,50.05,53,40,31.07
207,Olinda,BR,2021-10-24 18:36:38,-8.0089,-34.8553,85.73,58,20,10.36
208,Sovetskiy,RU,2021-10-24 18:36:38,61.3614,63.5842,31.14,78,100,2.98
209,Zaozhuang,CN,2021-10-24 18:35:06,34.8647,117.5542,53.01,67,0,0.47
210,Provideniya,RU,2021-10-24 18:36:39,64.3833,-173.3,19.29,81,63,7.2
211,Victoria,HK,2021-10-24 18:32:21,22.2855,114.1577,69.33,73,22,1.99
212,Ola,RU,2021-10-24 18:36:39,59.5833,151.2833,24.12,64,100,1.03
213,Cohoes,US,2021-10-24 18:36:40,42.7742,-73.7001,59.49,56,40,1.99
214,Toora-Khem,RU,2021-10-24 18:36:40,52.4675,96.11,33.51,70,100,1.39
215,Odweyne,SO,2021-10-24 18:36:41,9.4092,45.064,74.03,46,5,10.45
216,Alofi,NU,2021-10-24 18:36:41,-19.0595,-169.9187,73.29,68,83,9.22
217,Alice Springs,AU,2021-10-24 18:36:42,-23.7,133.8833,63.95,45,2,9.22
218,Taua,BR,2021-10-24 18:36:42,-5.9667,-40.3,86.49,45,100,10.6
219,San Jose,US,2021-10-24 18:36:30,37.3394,-121.895,65.26,87,90,3.0
220,Nioki,CD,2021-10-24 18:36:43,-2.7167,17.6833,74.17,91,7,3.04
221,Baruun-Urt,MN,2021-10-24 18:36:43,46.6806,113.2792,34.9,45,5,7.07
222,Adrar,MR,2021-10-24 18:27:29,20.5022,-10.0711,87.33,21,6,2.08
223,Campo Verde,BR,2021-10-24 18:36:44,-20.4167,-54.0667,74.41,71,100,4.54
224,Paragominas,BR,2021-10-24 18:36:44,-2.9667,-47.4833,92.46,43,30,9.1
225,Ixtapa,MX,2021-10-24 18:36:44,20.7,-105.2,86.23,66,90,6.91
226,Quelimane,MZ,2021-10-24 18:36:45,-17.8786,36.8883,78.75,89,20,11.5
227,Luba,GQ,2021-10-24 18:36:45,3.4568,8.5547,78.69,86,72,5.77
228,Usinsk,RU,2021-10-24 18:36:46,65.9939,57.5281,21.76,96,100,6.4
229,Abidjan,CI,2021-10-24 18:35:13,5.3094,-4.0197,82.36,83,40,9.22
230,Rocha,UY,2021-10-24 18:36:46,-34.4833,-54.3333,69.28,49,0,13.04
231,Sioux Lookout,CA,2021-10-24 18:27:42,50.1001,-91.917,35.98,75,75,4.61
232,Manado,ID,2021-10-24 18:36:47,1.487,124.8455,76.6,88,22,1.99
233,Gorontalo,ID,2021-10-24 18:36:47,0.5412,123.0595,74.62,91,91,3.0
234,Huntington,US,2021-10-24 18:36:48,38.4193,-82.4452,77.31,51,90,4.61
235,Sao Filipe,CV,2021-10-24 18:36:48,14.8961,-24.4956,79.57,68,47,10.51
236,Avera,US,2021-10-24 18:36:49,33.194,-82.5271,80.71,39,90,7.29
237,Butaritari,KI,2021-10-24 18:36:49,3.0707,172.7902,80.1,71,3,2.91
238,Ratnagiri,IN,2021-10-24 18:36:50,16.9833,73.3,77.13,82,95,7.96
239,Coihaique,CL,2021-10-24 18:34:22,-45.5752,-72.0662,51.75,76,90,12.66
240,The Valley,AI,2021-10-24 18:36:50,18.217,-63.0578,86.14,70,40,13.8
241,Murbad,IN,2021-10-24 18:36:51,19.25,73.4,81.61,86,6,1.25
242,Puri,IN,2021-10-24 18:36:51,19.8,85.85,73.92,68,9,1.43
243,Sabang,ID,2021-10-24 18:36:52,5.8933,95.3214,81.41,75,100,10.25
244,Keffi,NG,2021-10-24 18:36:52,8.8486,7.8736,84.58,78,17,3.85
245,Nome,US,2021-10-24 18:36:52,64.5011,-165.4064,26.67,93,90,0.0
246,Mikhaylovsk,RU,2021-10-24 18:36:53,45.1283,42.0256,44.82,93,90,11.18
247,Mumbwa,ZM,2021-10-24 18:36:53,-14.9783,27.0619,79.05,29,10,3.04
248,Ust-Kut,RU,2021-10-24 18:36:53,56.7938,105.7672,39.2,95,100,12.93
249,Talcahuano,CL,2021-10-24 18:36:54,-36.7167,-73.1167,64.08,63,0,14.97
250,Conceicao Do Araguaia,BR,2021-10-24 18:36:54,-8.2578,-49.2647,87.46,55,100,2.08
251,Manuk Mangkaw,PH,2021-10-24 18:36:55,4.8,119.85,82.47,75,95,5.57
252,Xuddur,SO,2021-10-24 18:36:55,4.1213,43.8894,81.72,52,52,9.44
253,San Cristobal,VE,2021-10-24 18:36:56,7.7669,-72.225,71.78,46,100,4.72
254,Isangel,VU,2021-10-24 18:32:04,-19.55,169.2667,68.11,94,47,2.3
255,Mar Del Plata,AR,2021-10-24 18:34:12,-38.0023,-57.5575,69.82,30,0,17.27
256,Krasnyy Luch,UA,2021-10-24 18:36:56,48.1395,38.9371,42.08,55,93,7.4
257,Chimbote,PE,2021-10-24 18:36:57,-9.0853,-78.5783,68.59,71,7,11.5
258,Chicama,PE,2021-10-24 18:36:57,-7.8447,-79.1469,63.14,58,11,10.47
259,Phangnga,TH,2021-10-24 18:36:58,8.4509,98.5298,84.9,94,100,2.17
260,Muros,ES,2021-10-24 18:36:58,42.7762,-9.0603,61.09,88,70,3.58
261,Trinidad,BO,2021-10-24 18:36:58,-14.8333,-64.9,64.38,94,90,14.97
262,Hedaru,TZ,2021-10-24 18:36:59,-4.5,37.9,74.05,67,0,4.7
263,Grindavik,IS,2021-10-24 18:32:54,63.8424,-22.4338,48.15,93,75,9.22
264,Sobolevo,RU,2021-10-24 18:22:40,54.4299,31.8996,32.63,75,96,7.43
265,Boa Vista,BR,2021-10-24 18:37:00,2.8197,-60.6733,93.18,46,40,4.61
266,Asfi,MA,2021-10-24 18:37:00,32.2994,-9.2372,68.67,75,100,13.65
267,Bangkalan,ID,2021-10-24 18:37:00,-7.0455,112.7351,82.35,78,90,1.07
268,Petropavlovsk-Kamchatskiy,RU,2021-10-24 18:32:16,53.0452,158.6483,21.79,80,0,6.71
269,Northam,GB,2021-10-24 18:37:01,51.0333,-4.2167,58.08,91,5,12.82
270,Airai,TL,2021-10-24 18:33:45,-8.9266,125.4092,61.2,86,98,1.12
271,Georgetown,MY,2021-10-24 18:36:58,5.4112,100.3354,78.73,94,20,1.99
272,Santiago,CL,2021-10-24 18:37:02,-33.4569,-70.6483,81.84,18,0,4.61
273,Cochrane,CA,2021-10-24 18:34:10,51.1834,-114.4687,48.76,39,1,2.3
274,Kenai,US,2021-10-24 18:33:27,60.5544,-151.2583,39.15,93,75,0.0
275,Malinyi,TZ,2021-10-24 18:37:02,-8.9333,36.1333,83.01,38,0,5.84
276,Ketchikan,US,2021-10-24 18:37:03,55.3422,-131.6461,48.67,53,1,9.22
277,Edd,ER,2021-10-24 18:37:03,13.9297,41.6925,86.85,63,13,11.68
278,Guatire,VE,2021-10-24 18:37:04,10.4762,-66.5427,85.21,76,100,5.1
279,Grand-Santi,GF,2021-10-24 18:33:18,4.25,-54.3833,87.19,57,100,0.76
280,Chernyshevskiy,RU,2021-10-24 18:37:04,63.0128,112.4714,31.24,98,100,7.09
281,Makakilo City,US,2021-10-24 18:37:05,21.3469,-158.0858,77.32,79,90,6.91
282,Banja Luka,BA,2021-10-24 18:37:05,44.7758,17.1856,38.57,79,0,3.6
283,Esperance,AU,2021-10-24 18:36:21,-33.8667,121.9,67.84,36,100,26.4
284,Soltsy,RU,2021-10-24 18:37:06,58.1239,30.3238,31.15,88,55,4.32
285,Taltal,CL,2021-10-24 18:37:06,-25.4,-70.4833,63.36,69,24,6.4
286,Ucluelet,CA,2021-10-24 18:23:19,48.9329,-125.5528,53.1,89,100,1.99
287,Shahgarh,IN,2021-10-24 18:37:07,24.3167,79.1333,71.6,48,12,4.45
288,Kinsale,IE,2021-10-24 18:37:07,51.7075,-8.5306,54.23,93,40,12.66
289,Zonguldak,TR,2021-10-24 18:27:15,41.25,31.8333,46.35,91,100,7.63
290,Kruisfontein,ZA,2021-10-24 18:37:08,-34.0033,24.7314,54.88,74,0,4.47
291,Sosua,DO,2021-10-24 18:37:08,19.7667,-70.5167,91.38,62,20,18.41
292,Caborca,MX,2021-10-24 18:37:09,30.5838,-111.101,80.49,29,2,14.05
293,Te Anau,NZ,2021-10-24 18:37:09,-45.4167,167.7167,52.25,97,94,0.22
294,Villarrica,PY,2021-10-24 18:37:10,-25.75,-56.4333,74.5,44,0,8.81
295,Contamana,PE,2021-10-24 18:37:10,-7.3333,-75.0167,96.19,39,99,6.24
296,Princeton,US,2021-10-24 18:37:10,25.5384,-80.4089,88.0,75,90,5.75
297,Roxas,PH,2021-10-24 18:37:11,11.5853,122.7511,77.9,87,97,1.99
298,Qaqortoq,GL,2021-10-24 18:37:11,60.7167,-46.0333,34.3,71,100,6.24
299,Pecos,US,2021-10-24 18:37:12,31.4229,-103.4932,86.09,16,1,14.97
300,Cardston,CA,2021-10-24 18:37:12,49.2,-113.3019,53.69,37,99,1.14
301,Aginskoye,RU,2021-10-24 18:37:13,51.1,114.53,33.4,77,16,6.64
302,Tadine,NC,2021-10-24 18:37:13,-21.55,167.8833,70.88,79,44,10.83
303,San Patricio,US,2021-10-24 18:37:13,28.017,-97.5169,91.49,48,0,5.68
304,Anderson,US,2021-10-24 18:34:28,34.5334,-82.6499,76.24,59,1,1.01
305,Khatanga,RU,2021-10-24 18:32:58,71.9667,102.5,0.01,90,83,16.2
306,Vostok,RU,2021-10-24 18:37:14,46.4856,135.8833,31.33,77,1,5.03
307,Alyangula,AU,2021-10-24 18:37:15,-13.8483,136.4192,75.07,100,44,0.0
308,Nanortalik,GL,2021-10-24 18:35:36,60.1432,-45.2371,33.04,81,100,5.37
309,Wardha,IN,2021-10-24 18:37:16,20.75,78.6167,68.32,62,4,3.85
310,Beringovskiy,RU,2021-10-24 18:27:41,63.05,179.3167,7.88,86,44,7.18
311,Yazoo City,US,2021-10-24 18:37:16,32.8551,-90.4056,82.76,64,100,13.0
312,La Mana,EC,2021-10-24 18:37:17,-0.9333,-79.2167,96.01,77,100,2.26
313,Marzuq,YE,2021-10-24 18:37:17,14.4,46.4667,73.92,26,4,1.28
314,Dicabisagan,PH,2021-10-24 18:37:18,17.0818,122.4157,76.93,89,100,5.61
315,Poshekhonye,RU,2021-10-24 18:37:18,58.4993,39.1353,31.08,84,8,9.6
316,Arica,CL,2021-10-24 18:37:19,-18.475,-70.3042,74.75,68,0,16.11
317,Hami,CN,2021-10-24 18:37:19,42.8,93.45,46.24,39,0,6.58
318,College,US,2021-10-24 18:36:33,64.8569,-147.8028,29.21,87,90,0.0
319,Horsham,GB,2021-10-24 18:37:20,51.064,-0.3272,57.94,90,75,6.91
320,Hobyo,SO,2021-10-24 18:37:20,5.3505,48.5268,79.93,77,66,10.78
321,Gornopravdinsk,RU,2021-10-24 18:37:21,60.05,69.9,37.74,93,100,3.76
322,Rockland,US,2021-10-24 18:37:21,41.1668,-74.0496,59.49,72,47,1.01
323,Padang,ID,2021-10-24 18:33:37,-0.9492,100.3543,77.05,96,100,0.56
324,Vanimo,PG,2021-10-24 18:37:21,-2.6741,141.3028,77.29,88,100,4.05
325,Katherine,AU,2021-10-24 18:37:22,-14.4667,132.2667,82.72,69,100,5.75
326,Grande Prairie,CA,2021-10-24 18:37:23,55.1667,-118.8027,35.78,100,90,3.44
327,Yerbogachen,RU,2021-10-24 18:37:23,61.2767,108.0108,34.25,97,100,9.75
328,Terrace,CA,2021-10-24 18:37:23,54.5163,-128.6035,43.43,75,75,23.02
329,Sorland,NO,2021-10-24 18:37:24,67.667,12.6934,42.66,94,100,25.46
330,Sibiti,CG,2021-10-24 18:37:24,-3.6819,13.3499,70.63,97,77,2.84
331,Tilichiki,RU,2021-10-24 18:37:25,60.4667,166.1,6.75,91,63,10.02
332,Paramonga,PE,2021-10-24 18:37:25,-10.6667,-77.8333,67.19,73,23,10.87
333,Mulchen,CL,2021-10-24 18:37:26,-37.7167,-72.2333,73.26,35,2,6.4
334,Rio Grande,BR,2021-10-24 18:37:26,-32.035,-52.0986,73.51,47,0,7.76
335,Nushki,PK,2021-10-24 18:37:26,29.5542,66.0215,59.14,12,0,4.12
336,Shakawe,BW,2021-10-24 18:37:27,-18.3667,21.85,73.72,61,82,6.8
337,Havre-Saint-Pierre,CA,2021-10-24 18:35:49,50.2334,-63.5986,48.56,87,90,8.05
338,Duku,NG,2021-10-24 18:37:27,11.2361,4.9073,82.98,52,97,4.63
339,Bilma,NE,2021-10-24 18:33:51,18.6853,12.9164,87.51,11,0,7.49
340,Kayankulam,IN,2021-10-24 18:37:28,9.1833,76.5,76.41,88,100,4.47
341,Wapakoneta,US,2021-10-24 18:37:28,40.5678,-84.1936,55.4,98,90,4.61
342,Caceres,ES,2021-10-24 18:37:29,39.522,-6.3748,63.81,42,0,3.33
343,Krasnoselkup,RU,2021-10-24 18:37:29,65.7,82.4667,24.35,90,98,20.36
344,Kavaratti,IN,2021-10-24 18:37:30,10.5669,72.642,82.0,74,27,5.95
345,Oudtshoorn,ZA,2021-10-24 18:37:30,-33.5907,22.2014,52.16,67,0,4.9
346,Kodiak,US,2021-10-24 18:37:30,57.79,-152.4072,42.31,87,90,5.75
347,Severo-Kurilsk,RU,2021-10-24 18:37:31,50.6789,156.125,38.75,75,32,17.63
348,Berlevag,NO,2021-10-24 18:37:31,70.8578,29.0864,31.95,80,75,10.36
349,Chapais,CA,2021-10-24 18:37:32,49.7834,-74.8492,42.58,59,100,6.69
350,Talnakh,RU,2021-10-24 18:33:11,69.4865,88.3972,24.94,97,100,6.49
351,Tulagi,SB,2021-10-24 18:37:32,-9.0996,160.1476,82.18,75,6,12.59
352,Mareeba,AU,2021-10-24 18:37:33,-17.0,145.4333,66.92,95,17,2.86
353,Arteaga,MX,2021-10-24 18:37:33,18.4667,-102.4167,70.65,76,100,2.82
354,Pita,GN,2021-10-24 18:37:34,10.8333,-12.5833,75.83,88,91,1.07
355,Labrea,BR,2021-10-24 18:37:34,-7.2586,-64.7981,91.11,52,100,1.79
356,Erzin,TR,2021-10-24 18:36:17,36.9559,36.2,66.92,74,0,1.01
357,Sapa,PH,2021-10-24 18:37:35,5.1544,120.3241,80.15,80,60,4.68
358,Atar,MR,2021-10-24 18:37:35,20.5169,-13.0499,91.4,16,72,1.34
359,Roald,NO,2021-10-24 18:37:36,62.5833,6.1333,54.52,71,75,13.8
360,Nyaunglebin,MM,2021-10-24 18:37:36,17.95,96.7333,73.2,94,100,2.26
361,Kudahuvadhoo,MV,2021-10-24 18:32:59,2.6708,72.8944,83.03,72,21,15.99
362,Shestakovo,RU,2021-10-24 18:37:37,56.4915,103.96,40.01,93,100,12.53
363,Trapani,IT,2021-10-24 18:37:37,37.8333,12.6667,62.69,100,75,10.36
364,Martapura,ID,2021-10-24 18:36:49,-3.4167,114.85,77.09,100,36,2.3
365,Bombay,IN,2021-10-24 18:35:28,19.0144,72.8479,82.38,69,42,0.0
366,Clyde River,CA,2021-10-24 18:37:38,70.4692,-68.5914,13.57,78,49,6.04
367,Mariara,VE,2021-10-24 18:37:39,10.2964,-67.7181,79.65,74,68,4.7
368,La Palma,US,2021-10-24 18:37:39,33.8464,-118.0467,72.72,69,75,1.01
369,Henties Bay,NA,2021-10-24 18:37:40,-22.116,14.2845,59.86,89,0,2.13
370,Den Helder,NL,2021-10-24 18:37:40,52.9599,4.7593,50.99,83,20,8.01
371,Mackay,AU,2021-10-24 18:35:08,-21.15,149.2,76.05,88,75,10.36
372,Troitsko-Pechorsk,RU,2021-10-24 18:37:41,62.7084,56.1964,23.77,97,93,3.11
373,Niamey,NE,2021-10-24 18:37:41,13.5137,2.1098,93.49,33,100,0.0
374,Baykit,RU,2021-10-24 18:37:42,61.67,96.37,36.37,88,100,11.88
375,Dingle,PH,2021-10-24 18:37:29,10.9995,122.6711,75.4,92,97,3.29
376,Honiara,SB,2021-10-24 18:37:43,-9.4333,159.95,77.25,87,6,3.4
377,Guhagar,IN,2021-10-24 18:37:43,17.4842,73.1929,74.05,88,62,5.97
378,Mayumba,GA,2021-10-24 18:37:43,-3.432,10.6554,77.31,89,100,4.68
379,Mucurapo,TT,2021-10-24 18:37:44,10.6667,-61.5333,85.01,76,100,12.28
380,Tarboro,US,2021-10-24 18:37:44,35.8968,-77.5358,80.1,38,1,6.91
381,Udachnyy,RU,2021-10-24 18:37:45,66.4167,112.4,9.66,99,98,3.6
382,Gisborne,NZ,2021-10-24 18:36:12,-38.6533,178.0042,57.94,78,100,4.97
383,Tateyama,JP,2021-10-24 18:37:45,34.9833,139.8667,53.62,59,37,10.13
384,Iqaluit,CA,2021-10-24 18:37:46,63.7506,-68.5145,31.73,80,90,5.99
385,Totma,RU,2021-10-24 18:37:46,59.9747,42.7642,27.95,89,51,8.97
386,Kamenka,RU,2021-10-24 18:37:47,51.3223,42.7678,40.42,77,76,11.27
387,Saldanha,ZA,2021-10-24 18:33:27,-33.0117,17.9442,59.05,72,0,20.18
388,San Ramon,US,2021-10-24 18:37:47,37.7799,-121.978,63.81,93,90,3.0
389,Port Macquarie,AU,2021-10-24 18:37:48,-31.4333,152.9167,58.89,81,61,4.18
390,Tutoia,BR,2021-10-24 18:37:48,-2.7619,-42.2744,91.38,70,100,15.05
391,Tuatapere,NZ,2021-10-24 18:37:49,-46.1333,167.6833,53.1,96,100,3.13
392,Qasigiannguit,GL,2021-10-24 18:37:49,68.8193,-51.1922,21.45,83,86,5.61
393,Brasileia,BR,2021-10-24 18:37:49,-11.0161,-68.7481,98.26,33,100,2.64
394,Yulara,AU,2021-10-24 18:37:50,-25.2406,130.9889,60.64,48,0,6.91
395,Beloha,MG,2021-10-24 18:37:51,-25.1667,45.05,71.74,88,60,10.45
396,Belmonte,BR,2021-10-24 18:36:48,-15.8631,-38.8828,82.4,75,31,10.0
397,Laranjeiras Do Sul,BR,2021-10-24 18:37:51,-25.4078,-52.4161,68.22,61,0,8.9
398,Shenjiamen,CN,2021-10-24 18:37:51,29.9576,122.298,64.02,84,87,14.34
399,Caravelas,BR,2021-10-24 18:37:52,-17.7125,-39.2481,81.55,72,0,10.76
400,Marrakesh,MA,2021-10-24 18:36:48,31.6315,-8.0083,78.87,29,0,2.3
401,Charleroi,BE,2021-10-24 18:37:52,50.413,4.4465,50.5,78,0,10.36
402,Itaqui,BR,2021-10-24 18:37:53,-29.1253,-56.5531,73.9,34,0,4.21
403,Amalapuram,IN,2021-10-24 18:35:28,16.5833,82.0167,75.65,76,76,3.98
404,Jandayan,PH,2021-10-24 18:37:54,10.1667,124.1833,78.85,81,100,2.77
405,Kidal,ML,2021-10-24 18:37:54,18.4411,1.4078,93.07,21,50,8.21
406,Verkhoyansk,RU,2021-10-24 18:37:55,67.5447,133.385,4.24,98,100,1.39
407,Deputatskiy,RU,2021-10-24 18:37:55,69.3,139.9,-0.47,98,100,1.3
408,Povorino,RU,2021-10-24 18:37:55,51.1945,42.2457,41.94,68,98,12.73
409,Ukiah,US,2021-10-24 18:34:42,39.1502,-123.2078,62.13,88,90,9.22
410,Alta Floresta,BR,2021-10-24 18:37:56,-9.8756,-56.0861,91.22,52,40,5.75
411,Gat,IL,2021-10-24 18:37:32,31.61,34.7642,70.81,100,0,5.55
412,Alekseyevsk,RU,2021-10-24 18:37:57,57.8406,108.3492,37.8,96,100,13.11
413,Ardakan,IR,2021-10-24 18:37:57,32.31,54.0175,64.78,21,41,5.7
414,Richards Bay,ZA,2021-10-24 18:37:58,-28.783,32.0377,63.03,72,67,4.54
415,Kirove,UA,2021-10-24 18:37:58,47.6531,35.6951,47.23,71,23,15.64
416,Aklavik,CA,2021-10-24 18:33:10,68.2191,-135.0107,23.72,100,90,4.61
417,Lagoa,PT,2021-10-24 18:37:59,39.05,-27.9833,65.8,70,6,11.95
418,Bergen,NO,2021-10-24 18:37:59,60.392,5.328,53.65,96,75,26.46
419,Vila Velha,BR,2021-10-24 18:33:43,-20.3297,-40.2925,89.55,62,20,14.97
420,Claremorris,IE,2021-10-24 18:38:00,53.7167,-9.0,52.36,85,10,12.41
421,Aksum,ET,2021-10-24 18:38:00,14.1245,38.7244,63.34,47,51,7.96
422,Huayucachi,PE,2021-10-24 18:38:01,-12.1333,-75.2333,71.53,31,93,11.43
423,Kemijarvi,FI,2021-10-24 18:38:01,66.7131,27.4306,24.78,98,100,2.71
424,Emba,KZ,2021-10-24 18:34:25,48.8264,58.1442,48.42,45,100,8.37
425,Bubaque,GW,2021-10-24 18:38:02,11.2833,-15.8333,82.11,72,100,4.61
426,Grand Gaube,MU,2021-10-24 18:38:03,-20.0064,57.6608,75.38,70,89,10.0
427,Kloulklubed,PW,2021-10-24 18:38:03,7.0419,134.2556,77.5,70,100,5.19
428,Cap-Aux-Meules,CA,2021-10-24 18:38:03,47.3821,-61.8597,50.05,87,75,20.71
429,Amlame,TG,2021-10-24 18:38:04,7.4667,0.9,74.12,94,93,1.99
430,Shimanovsk,RU,2021-10-24 18:38:04,52.0,127.7,35.04,87,6,4.43
431,Mount Gambier,AU,2021-10-24 18:38:05,-37.8333,140.7667,46.31,81,90,5.75
432,Bougouni,ML,2021-10-24 18:38:05,11.417,-7.479,79.23,69,15,2.86
433,Chuy,UY,2021-10-24 18:37:36,-33.6971,-53.4616,67.64,43,0,10.78
434,Jiuquan,CN,2021-10-24 18:38:06,39.7432,98.5174,43.29,39,100,7.09
435,Okhotsk,RU,2021-10-24 18:38:06,59.3833,143.3,17.6,83,68,7.61
436,El Retorno,CO,2021-10-24 18:38:06,2.3302,-72.6276,83.59,78,93,5.41
437,Almendralejo,ES,2021-10-24 18:38:07,38.6832,-6.4075,67.26,45,0,3.0
438,Muzhi,RU,2021-10-24 18:38:07,65.3667,64.6667,24.4,83,94,6.22
439,Cidreira,BR,2021-10-24 18:38:08,-30.1811,-50.2056,68.61,48,0,12.68
440,Esso,RU,2021-10-24 18:38:08,55.9333,158.7,17.22,93,100,4.59
441,Ulundi,ZA,2021-10-24 18:37:25,-28.3352,31.4162,55.99,88,100,2.51
442,Obo,CF,2021-10-24 18:38:09,5.3998,26.4869,73.09,89,41,1.86
443,Kovdor,RU,2021-10-24 18:38:09,67.5662,30.4758,16.83,94,100,2.71
444,Pochutla,MX,2021-10-24 18:38:09,15.7432,-96.4661,88.83,56,62,6.31
445,Bara,NG,2021-10-24 18:38:10,10.3744,10.7288,82.22,49,99,3.89
446,Ancud,CL,2021-10-24 18:38:11,-41.8697,-73.8203,56.73,93,100,15.17
447,Gidole,ET,2021-10-24 18:38:11,5.65,37.3667,62.83,57,88,1.1
448,Hemnesberget,NO,2021-10-24 18:38:11,66.2333,13.6333,48.42,95,100,5.17
449,Bukama,CD,2021-10-24 18:38:12,-9.2,25.85,71.55,87,100,3.65
450,Ugoofaaru,MV,2021-10-24 18:38:12,5.6667,73.0,82.11,78,98,16.2
451,Socuellamos,ES,2021-10-24 18:38:12,39.2858,-2.7921,60.37,29,0,2.98
452,Faya,SA,2021-10-24 18:38:13,18.3851,42.4509,61.32,39,6,1.86
453,Mahajanga,MG,2021-10-24 18:38:13,-15.7167,46.3167,82.42,74,20,8.05
454,Mahendragarh,IN,2021-10-24 18:38:14,28.2833,76.15,70.14,75,6,3.33
455,Boueni,YT,2021-10-24 18:38:14,-12.9025,45.0761,80.58,84,8,10.78
456,Fairbanks,US,2021-10-24 18:37:43,64.8378,-147.7164,29.23,87,90,0.0
457,Lobito,AO,2021-10-24 18:38:15,-12.3481,13.5456,75.15,72,100,5.26
458,Dunkwa,GH,2021-10-24 18:38:15,5.9656,-1.78,75.16,94,100,2.39
459,Zhigansk,RU,2021-10-24 18:36:47,66.7697,123.3711,14.23,96,90,5.41
460,Norden,DE,2021-10-24 18:38:16,53.6,7.2,45.97,78,6,12.84
461,Uruzgan,AF,2021-10-24 18:38:16,32.8333,66.0,47.17,22,0,0.87
462,Kampene,CD,2021-10-24 18:38:16,-3.6,26.6667,70.59,97,100,0.76
463,Bay Roberts,CA,2021-10-24 18:38:17,47.5999,-53.2648,61.25,88,87,10.0
464,Abu Samrah,SY,2021-10-24 18:38:17,35.3029,37.1841,66.31,58,0,5.61
465,Camabatela,AO,2021-10-24 18:38:18,-8.1881,15.375,65.71,94,30,2.57
466,Salair,RU,2021-10-24 18:38:18,54.2312,85.7972,41.86,76,100,11.92
467,Tiznit,MA,2021-10-24 18:38:19,29.5833,-9.5,66.29,62,100,1.99
468,Polyarnyy,RU,2021-10-24 18:38:19,69.1989,33.4478,23.47,77,71,7.02
469,Banes,CU,2021-10-24 18:38:20,20.9625,-75.7186,90.21,61,40,10.09
470,Komsomolskiy,UZ,2021-10-24 18:38:20,40.4272,71.7189,45.82,57,0,9.22
471,Tanout,NE,2021-10-24 18:38:21,14.9709,8.8879,89.83,10,10,10.02
472,Ambulu,ID,2021-10-24 18:38:21,-8.345,113.6058,77.67,81,81,2.04
473,Mundo Nuevo,MX,2021-10-24 18:38:22,18.7,-95.5,84.54,71,18,6.22
474,Ishigaki,JP,2021-10-24 18:38:22,24.3448,124.1572,77.23,74,87,15.1
475,Beyneu,KZ,2021-10-24 18:35:52,45.3167,55.2,56.17,34,100,9.84
476,Salamiyah,SY,2021-10-24 18:34:21,35.0113,37.0532,66.33,58,0,4.9
477,Buckeye,US,2021-10-24 18:35:52,33.3703,-112.5838,84.97,29,4,14.97
478,Mujiayingzi,CN,2021-10-24 18:38:23,42.1167,118.7833,43.54,59,100,7.38
479,Dire,ML,2021-10-24 18:38:24,12.2833,-10.9667,79.32,78,98,4.45
480,Tokur,RU,2021-10-24 18:38:24,53.1333,132.9,20.91,97,65,3.24
481,Surt,LY,2021-10-24 18:38:25,31.2089,16.5887,77.38,60,90,9.13
482,Kariba,ZW,2021-10-24 18:38:25,-16.5167,28.8,87.73,32,6,5.5
483,Siaya,KE,2021-10-24 18:38:25,0.0612,34.2882,69.67,75,88,6.35
484,Bilibino,RU,2021-10-24 18:34:43,68.0546,166.4372,-19.62,100,89,3.4
485,Wiesmoor,DE,2021-10-24 18:38:26,53.4167,7.7333,47.86,88,20,4.61
486,Boca Do Acre,BR,2021-10-24 18:38:27,-8.7522,-67.3978,95.09,41,100,4.54
487,Atambua,ID,2021-10-24 18:38:27,-9.1061,124.8925,75.83,84,100,1.52
488,Zapolyarnyy,RU,2021-10-24 18:38:27,69.4154,30.8136,20.48,93,35,2.53
489,Nisia Floresta,BR,2021-10-24 18:38:28,-6.0911,-35.2086,86.81,62,73,12.48
490,Cayhagan,PH,2021-10-24 18:38:28,9.6697,122.4256,77.31,86,100,2.73
491,Port Blair,IN,2021-10-24 18:38:29,11.6667,92.75,80.1,79,80,4.52
492,Ginir,ET,2021-10-24 18:38:29,7.1333,40.7,59.36,40,82,3.96
493,Caconda,AO,2021-10-24 18:38:30,-13.7333,15.0667,68.4,65,50,7.56
494,Chavakkad,IN,2021-10-24 18:38:30,10.5333,76.05,78.17,85,100,2.01
495,Samarai,PG,2021-10-24 18:38:30,-10.6167,150.6667,80.24,83,36,10.71
496,Talara,PE,2021-10-24 18:38:31,-4.5772,-81.2719,75.96,64,0,13.8
497,Maningrida,AU,2021-10-24 18:38:31,-12.0667,134.2667,78.85,85,31,3.33
498,Castro,BR,2021-10-24 18:38:31,-24.7911,-50.0119,59.68,91,98,1.99
499,Nola,IT,2021-10-24 18:38:32,40.922,14.5329,66.92,80,100,13.0
500,Pinsk,BY,2021-10-24 18:38:32,52.1229,26.0951,37.33,74,77,3.18
501,Chifeng,CN,2021-10-24 18:38:33,42.2683,118.9636,44.94,56,100,6.35
502,Hervey Bay,AU,2021-10-24 18:38:33,-25.2986,152.8535,76.03,91,5,10.98
503,Narragansett,US,2021-10-24 18:38:34,41.4501,-71.4495,61.02,51,1,5.01
504,Carrollton,US,2021-10-24 18:38:34,32.9537,-96.8903,84.13,68,75,7.0
505,Victoria Point,AU,2021-10-24 18:38:35,-27.5833,153.3,73.18,90,58,1.99
506,Auki,SB,2021-10-24 18:37:41,-8.7676,160.7034,76.5,88,33,4.0
507,Yenagoa,NG,2021-10-24 18:38:35,4.9247,6.2642,77.94,87,84,5.35
508,Fort Nelson,CA,2021-10-24 18:37:44,58.8053,-122.7002,27.99,93,75,2.3
509,Port Hardy,CA,2021-10-24 18:38:36,50.6996,-127.4199,53.6,76,90,32.21
510,Potrero Del Llano,MX,2021-10-24 18:38:36,21.05,-97.6833,81.45,63,75,3.04
511,Otradnoye,RU,2021-10-24 18:38:37,59.7775,30.8181,33.96,83,89,4.05
512,Boralday,KZ,2021-10-24 18:38:37,43.3578,76.8594,35.46,87,0,2.24
513,Poum,NC,2021-10-24 18:38:38,-20.2333,164.0167,74.62,77,6,7.31
514,Pacific Grove,US,2021-10-24 18:35:47,36.6177,-121.9166,66.31,85,90,11.01
515,Baherden,TM,2021-10-24 18:38:38,38.4362,57.4316,58.59,26,92,2.89
516,San Quintin,MX,2021-10-24 18:38:39,30.4833,-115.95,67.84,64,22,16.24
517,Ouadda,CF,2021-10-24 18:38:39,8.0777,22.4007,70.34,89,100,2.59
518,Robertsport,LR,2021-10-24 18:38:40,6.7533,-11.3686,80.96,76,94,7.18
519,Port Hedland,AU,2021-10-24 18:38:40,-20.3167,118.5667,71.65,64,8,6.91
520,Doha,QA,2021-10-24 18:38:41,25.2867,51.5333,84.09,70,0,3.44
521,Mount Isa,AU,2021-10-24 18:38:41,-20.7333,139.5,76.77,57,75,4.61
522,Reconquista,AR,2021-10-24 18:38:41,-29.15,-59.65,80.89,23,0,2.82
523,Sihora,IN,2021-10-24 18:38:42,23.4833,80.1167,71.04,55,38,2.77
524,Shetpe,KZ,2021-10-24 18:38:42,44.1667,52.1167,54.32,24,95,4.76
525,Sibolga,ID,2021-10-24 18:38:43,1.7427,98.7792,74.97,90,100,1.97
526,Cherepovets,RU,2021-10-24 18:38:43,59.1333,37.9,30.02,93,40,6.71
527,Gouyave,GD,2021-10-24 18:38:44,12.1646,-61.7296,86.77,66,40,17.27
528,Chissamba,AO,2021-10-24 18:38:44,-12.1667,17.3333,65.28,91,100,2.39
529,Libreville,GA,2021-10-24 18:38:29,0.3925,9.4537,78.13,86,70,5.97
530,Bad Salzungen,DE,2021-10-24 18:38:45,50.8167,10.2333,47.25,72,0,5.5
531,Belousovka,KZ,2021-10-24 18:38:45,50.1339,82.5239,43.65,57,90,6.71
532,Pictou,CA,2021-10-24 18:38:46,45.6834,-62.7153,48.58,76,10,16.11
533,Seminole,US,2021-10-24 18:38:46,28.7086,-81.2081,86.38,78,75,5.99
534,Salalah,OM,2021-10-24 18:38:46,17.0151,54.0924,78.89,73,0,3.44
535,Santa Vitoria Do Palmar,BR,2021-10-24 18:38:47,-33.5189,-53.3681,67.96,42,0,8.95
536,Synya,RU,2021-10-24 18:38:47,65.3718,58.0387,23.38,98,100,3.11
537,Gazojak,TM,2021-10-24 18:38:48,41.1875,61.4036,54.5,22,18,6.08
538,Shingu,JP,2021-10-24 18:38:48,33.7333,135.9833,60.93,82,100,5.7
539,Bronnoysund,NO,2021-10-24 18:38:48,65.4625,12.1997,48.42,93,75,13.8
540,Prince Rupert,CA,2021-10-24 18:38:49,54.3161,-130.3201,47.89,71,100,4.61
541,Narsaq,GL,2021-10-24 18:38:49,60.9167,-46.05,34.02,75,100,7.09
542,Kurilsk,RU,2021-10-24 18:37:34,45.2333,147.8833,44.26,75,5,6.02
543,Banda Aceh,ID,2021-10-24 18:38:50,5.5577,95.3222,79.11,81,100,7.54
544,Belaya Gora,RU,2021-10-24 18:38:50,68.5333,146.4167,-1.03,86,100,1.68
545,Jiaocheng,CN,2021-10-24 18:38:51,24.6774,116.1389,60.55,87,100,2.84
546,Nadym,RU,2021-10-24 18:38:51,65.5333,72.5167,24.64,83,15,17.34
547,Ternate,ID,2021-10-24 18:38:52,0.8,127.4,79.75,79,100,4.52
548,Mortka,RU,2021-10-24 18:38:52,59.3322,66.0214,39.18,97,100,1.05
549,Port-Gentil,GA,2021-10-24 18:38:53,-0.7193,8.7815,80.56,78,75,11.5
550,San Vicente,AR,2021-10-24 18:38:53,-26.6167,-54.1333,68.63,46,0,5.68
551,Moron,AR,2021-10-24 18:34:58,-34.6534,-58.6198,78.03,27,0,8.01
552,Zyryanka,RU,2021-10-24 18:38:54,65.75,150.85,-0.63,86,100,3.04
553,Husavik,IS,2021-10-24 18:36:21,66.0449,-17.3389,37.31,98,100,12.53
554,Apache Junction,US,2021-10-24 18:37:32,33.4151,-111.5496,83.8,22,40,3.0
555,Menongue,AO,2021-10-24 18:38:54,-14.6585,17.691,74.98,53,33,6.6
556,Sargatskoye,RU,2021-10-24 18:38:55,55.6101,73.4972,50.43,73,100,18.39
557,Sakaiminato,JP,2021-10-24 18:38:55,35.55,133.2333,49.98,93,75,4.61
558,Nyurba,RU,2021-10-24 18:33:58,63.2842,118.3319,32.59,98,100,6.64
559,Duluth,US,2021-10-24 18:38:56,46.7833,-92.1066,48.6,69,90,5.01
560,Piedras Negras,MX,2021-10-24 18:38:56,28.7,-100.5167,87.28,68,1,6.91
561,Marawi,PH,2021-10-24 18:36:08,7.9986,124.2928,65.64,91,100,2.39
562,Cordoba,AR,2021-10-24 18:38:57,-31.4135,-64.1811,86.41,15,0,1.99
563,Saint-Augustin,CA,2021-10-24 18:38:57,51.226,-58.6502,45.59,87,100,20.87
564,Elat,IL,2021-10-24 18:38:58,29.5581,34.9482,76.84,47,0,16.11
565,Flin Flon,CA,2021-10-24 18:38:58,54.7682,-101.865,40.84,65,75,10.36
566,Krasnovishersk,RU,2021-10-24 18:38:59,60.4078,57.082,36.18,97,100,4.18
567,Mabaruma,GY,2021-10-24 18:38:59,8.2,-59.7833,79.32,88,100,3.56
568,Peniche,PT,2021-10-24 18:38:59,39.3558,-9.3811,63.63,84,2,7.87
569,Lavrentiya,RU,2021-10-24 18:35:33,65.5833,-171.0,21.97,83,100,9.78
570,Cramlington,GB,2021-10-24 18:37:57,55.0865,-1.586,53.55,87,20,8.05
571,Nouadhibou,MR,2021-10-24 18:39:00,20.931,-17.0347,73.38,64,0,16.11
572,Ngunguru,NZ,2021-10-24 18:39:00,-35.6167,174.5,57.16,97,100,3.36
573,Melville,US,2021-10-24 18:39:01,40.7934,-73.4151,60.37,60,90,1.01
574,Coahuayana,MX,2021-10-24 18:38:25,18.7333,-103.6833,87.28,68,100,4.38
575,Porto Novo,BJ,2021-10-24 18:39:02,6.4965,2.6036,82.22,81,58,5.44
576,Torbat-E Jam,IR,2021-10-24 18:39:02,35.244,60.6225,53.1,23,0,2.46
